{
  "holdout_outcome_years": [
    2018
  ],
  "test_rows": 763,
  "per_outcome_year": [
    {
      "rows": 763,
      "positive_rate": 0.23328964613368283,
      "precision_at_top_quartile": 0.8010471204188482,
      "recall_at_top_quartile": 0.8595505617977528,
      "auc": 0.9650052818592144,
      "outcome_year": 2018
    }
  ],
  "overall": {
    "rows": 763,
    "positive_rate": 0.23328964613368283,
    "precision_at_top_quartile": 0.8010471204188482,
    "recall_at_top_quartile": 0.8595505617977528,
    "auc": 0.9650052818592144
  },
  "note": "AUC is null for slices with a single observed class."
}