{
  "holdout_outcome_years": [
    2017,
    2018
  ],
  "test_rows": 1592,
  "per_outcome_year": [
    {
      "rows": 829,
      "positive_rate": 0.23039806996381182,
      "precision_at_top_quartile": 0.7980769230769231,
      "recall_at_top_quartile": 0.8691099476439791,
      "auc": 0.9642288565379377,
      "outcome_year": 2017
    },
    {
      "rows": 763,
      "positive_rate": 0.23328964613368283,
      "precision_at_top_quartile": 0.8010471204188482,
      "recall_at_top_quartile": 0.8595505617977528,
      "auc": 0.9645059060789398,
      "outcome_year": 2018
    }
  ],
  "overall": {
    "rows": 1592,
    "positive_rate": 0.23178391959798994,
    "precision_at_top_quartile": 0.7994987468671679,
    "recall_at_top_quartile": 0.8644986449864499,
    "auc": 0.9643641407795926
  },
  "note": "AUC is null for slices with a single observed class."
}